{
  "ABIRoot": {
    "kind": "Root",
    "name": "bmf_sdk",
    "printedName": "bmf_sdk",
    "children": [
      {
        "kind": "Import",
        "name": "UIKit",
        "printedName": "UIKit",
        "declKind": "Import",
        "moduleName": "bmf_sdk"
      },
      {
        "kind": "Import",
        "name": "SwiftUI",
        "printedName": "SwiftUI",
        "declKind": "Import",
        "moduleName": "bmf_sdk"
      },
      {
        "kind": "TypeDecl",
        "name": "BmfSdkAsset",
        "printedName": "BmfSdkAsset",
        "children": [
          {
            "kind": "TypeDecl",
            "name": "Assets",
            "printedName": "Assets",
            "children": [
              {
                "kind": "Var",
                "name": "accentColor",
                "printedName": "accentColor",
                "children": [
                  {
                    "kind": "TypeNominal",
                    "name": "BmfSdkColors",
                    "printedName": "bmf_sdk.BmfSdkColors",
                    "usr": "s:7bmf_sdk12BmfSdkColorsC"
                  }
                ],
                "declKind": "Var",
                "usr": "s:7bmf_sdk11BmfSdkAssetO6AssetsO11accentColorAA0cD6ColorsCvpZ",
                "mangledName": "$s7bmf_sdk11BmfSdkAssetO6AssetsO11accentColorAA0cD6ColorsCvpZ",
                "moduleName": "bmf_sdk",
                "static": true,
                "declAttributes": [
                  "HasInitialValue",
                  "HasStorage",
                  "AccessControl"
                ],
                "isLet": true,
                "hasStorage": true,
                "accessors": [
                  {
                    "kind": "Accessor",
                    "name": "Get",
                    "printedName": "Get()",
                    "children": [
                      {
                        "kind": "TypeNominal",
                        "name": "BmfSdkColors",
                        "printedName": "bmf_sdk.BmfSdkColors",
                        "usr": "s:7bmf_sdk12BmfSdkColorsC"
                      }
                    ],
                    "declKind": "Accessor",
                    "usr": "s:7bmf_sdk11BmfSdkAssetO6AssetsO11accentColorAA0cD6ColorsCvgZ",
                    "mangledName": "$s7bmf_sdk11BmfSdkAssetO6AssetsO11accentColorAA0cD6ColorsCvgZ",
                    "moduleName": "bmf_sdk",
                    "static": true,
                    "implicit": true,
                    "accessorKind": "get"
                  }
                ]
              }
            ],
            "declKind": "Enum",
            "usr": "s:7bmf_sdk11BmfSdkAssetO6AssetsO",
            "mangledName": "$s7bmf_sdk11BmfSdkAssetO6AssetsO",
            "moduleName": "bmf_sdk",
            "declAttributes": [
              "AccessControl"
            ],
            "conformances": [
              {
                "kind": "Conformance",
                "name": "Copyable",
                "printedName": "Copyable",
                "usr": "s:s8CopyableP",
                "mangledName": "$ss8CopyableP"
              },
              {
                "kind": "Conformance",
                "name": "Escapable",
                "printedName": "Escapable",
                "usr": "s:s9EscapableP",
                "mangledName": "$ss9EscapableP"
              }
            ]
          },
          {
            "kind": "TypeDecl",
            "name": "PreviewAssets",
            "printedName": "PreviewAssets",
            "declKind": "Enum",
            "usr": "s:7bmf_sdk11BmfSdkAssetO13PreviewAssetsO",
            "mangledName": "$s7bmf_sdk11BmfSdkAssetO13PreviewAssetsO",
            "moduleName": "bmf_sdk",
            "declAttributes": [
              "AccessControl"
            ],
            "conformances": [
              {
                "kind": "Conformance",
                "name": "Copyable",
                "printedName": "Copyable",
                "usr": "s:s8CopyableP",
                "mangledName": "$ss8CopyableP"
              },
              {
                "kind": "Conformance",
                "name": "Escapable",
                "printedName": "Escapable",
                "usr": "s:s9EscapableP",
                "mangledName": "$ss9EscapableP"
              }
            ]
          }
        ],
        "declKind": "Enum",
        "usr": "s:7bmf_sdk11BmfSdkAssetO",
        "mangledName": "$s7bmf_sdk11BmfSdkAssetO",
        "moduleName": "bmf_sdk",
        "declAttributes": [
          "AccessControl",
          "RawDocComment"
        ],
        "conformances": [
          {
            "kind": "Conformance",
            "name": "Copyable",
            "printedName": "Copyable",
            "usr": "s:s8CopyableP",
            "mangledName": "$ss8CopyableP"
          },
          {
            "kind": "Conformance",
            "name": "Escapable",
            "printedName": "Escapable",
            "usr": "s:s9EscapableP",
            "mangledName": "$ss9EscapableP"
          },
          {
            "kind": "Conformance",
            "name": "Sendable",
            "printedName": "Sendable",
            "usr": "s:s8SendableP",
            "mangledName": "$ss8SendableP"
          }
        ]
      },
      {
        "kind": "TypeDecl",
        "name": "BmfSdkColors",
        "printedName": "BmfSdkColors",
        "children": [
          {
            "kind": "Var",
            "name": "name",
            "printedName": "name",
            "children": [
              {
                "kind": "TypeNominal",
                "name": "String",
                "printedName": "Swift.String",
                "usr": "s:SS"
              }
            ],
            "declKind": "Var",
            "usr": "s:7bmf_sdk12BmfSdkColorsC4nameSSvp",
            "mangledName": "$s7bmf_sdk12BmfSdkColorsC4nameSSvp",
            "moduleName": "bmf_sdk",
            "declAttributes": [
              "Final",
              "HasStorage",
              "AccessControl"
            ],
            "isLet": true,
            "hasStorage": true,
            "accessors": [
              {
                "kind": "Accessor",
                "name": "Get",
                "printedName": "Get()",
                "children": [
                  {
                    "kind": "TypeNominal",
                    "name": "String",
                    "printedName": "Swift.String",
                    "usr": "s:SS"
                  }
                ],
                "declKind": "Accessor",
                "usr": "s:7bmf_sdk12BmfSdkColorsC4nameSSvg",
                "mangledName": "$s7bmf_sdk12BmfSdkColorsC4nameSSvg",
                "moduleName": "bmf_sdk",
                "implicit": true,
                "declAttributes": [
                  "Final"
                ],
                "accessorKind": "get"
              }
            ]
          },
          {
            "kind": "Var",
            "name": "color",
            "printedName": "color",
            "children": [
              {
                "kind": "TypeNominal",
                "name": "UIColor",
                "printedName": "UIKit.UIColor",
                "usr": "c:objc(cs)UIColor"
              }
            ],
            "declKind": "Var",
            "usr": "s:7bmf_sdk12BmfSdkColorsC5colorSo7UIColorCvp",
            "mangledName": "$s7bmf_sdk12BmfSdkColorsC5colorSo7UIColorCvp",
            "moduleName": "bmf_sdk",
            "intro_Macosx": "10.13",
            "intro_iOS": "11.0",
            "intro_tvOS": "11.0",
            "intro_watchOS": "4.0",
            "declAttributes": [
              "Final",
              "AccessControl",
              "Available",
              "Available",
              "Available",
              "Available",
              "Available"
            ],
            "accessors": [
              {
                "kind": "Accessor",
                "name": "Get",
                "printedName": "Get()",
                "children": [
                  {
                    "kind": "TypeNominal",
                    "name": "UIColor",
                    "printedName": "UIKit.UIColor",
                    "usr": "c:objc(cs)UIColor"
                  }
                ],
                "declKind": "Accessor",
                "usr": "s:7bmf_sdk12BmfSdkColorsC5colorSo7UIColorCvg",
                "mangledName": "$s7bmf_sdk12BmfSdkColorsC5colorSo7UIColorCvg",
                "moduleName": "bmf_sdk",
                "declAttributes": [
                  "Final"
                ],
                "accessorKind": "get"
              }
            ]
          },
          {
            "kind": "Var",
            "name": "swiftUIColor",
            "printedName": "swiftUIColor",
            "children": [
              {
                "kind": "TypeNominal",
                "name": "Color",
                "printedName": "SwiftUI.Color",
                "usr": "s:7SwiftUI5ColorV"
              }
            ],
            "declKind": "Var",
            "usr": "s:7bmf_sdk12BmfSdkColorsC12swiftUIColor7SwiftUI5ColorVvp",
            "mangledName": "$s7bmf_sdk12BmfSdkColorsC12swiftUIColor7SwiftUI5ColorVvp",
            "moduleName": "bmf_sdk",
            "intro_Macosx": "10.15",
            "intro_iOS": "13.0",
            "intro_tvOS": "13.0",
            "intro_watchOS": "6.0",
            "declAttributes": [
              "Final",
              "AccessControl",
              "Available",
              "Available",
              "Available",
              "Available",
              "Available"
            ],
            "accessors": [
              {
                "kind": "Accessor",
                "name": "Get",
                "printedName": "Get()",
                "children": [
                  {
                    "kind": "TypeNominal",
                    "name": "Color",
                    "printedName": "SwiftUI.Color",
                    "usr": "s:7SwiftUI5ColorV"
                  }
                ],
                "declKind": "Accessor",
                "usr": "s:7bmf_sdk12BmfSdkColorsC12swiftUIColor7SwiftUI5ColorVvg",
                "mangledName": "$s7bmf_sdk12BmfSdkColorsC12swiftUIColor7SwiftUI5ColorVvg",
                "moduleName": "bmf_sdk",
                "declAttributes": [
                  "Final"
                ],
                "accessorKind": "get"
              }
            ]
          }
        ],
        "declKind": "Class",
        "usr": "s:7bmf_sdk12BmfSdkColorsC",
        "mangledName": "$s7bmf_sdk12BmfSdkColorsC",
        "moduleName": "bmf_sdk",
        "declAttributes": [
          "Final",
          "AccessControl",
          "RawDocComment"
        ],
        "hasMissingDesignatedInitializers": true,
        "conformances": [
          {
            "kind": "Conformance",
            "name": "Copyable",
            "printedName": "Copyable",
            "usr": "s:s8CopyableP",
            "mangledName": "$ss8CopyableP"
          },
          {
            "kind": "Conformance",
            "name": "Escapable",
            "printedName": "Escapable",
            "usr": "s:s9EscapableP",
            "mangledName": "$ss9EscapableP"
          },
          {
            "kind": "Conformance",
            "name": "Sendable",
            "printedName": "Sendable",
            "usr": "s:s8SendableP",
            "mangledName": "$ss8SendableP"
          }
        ]
      },
      {
        "kind": "Import",
        "name": "Foundation",
        "printedName": "Foundation",
        "declKind": "Import",
        "moduleName": "bmf_sdk"
      },
      {
        "kind": "TypeDecl",
        "name": "BmfSdkResources",
        "printedName": "BmfSdkResources",
        "children": [
          {
            "kind": "Var",
            "name": "bundle",
            "printedName": "bundle",
            "children": [
              {
                "kind": "TypeNominal",
                "name": "Bundle",
                "printedName": "Foundation.Bundle",
                "usr": "c:objc(cs)NSBundle"
              }
            ],
            "declKind": "Var",
            "usr": "c:@M@bmf_sdk@objc(cs)BmfSdkResources(cpy)bundle",
            "mangledName": "$s7bmf_sdk15BmfSdkResourcesC6bundleSo8NSBundleCvpZ",
            "moduleName": "bmf_sdk",
            "static": true,
            "declAttributes": [
              "AccessControl",
              "ObjC"
            ],
            "accessors": [
              {
                "kind": "Accessor",
                "name": "Get",
                "printedName": "Get()",
                "children": [
                  {
                    "kind": "TypeNominal",
                    "name": "Bundle",
                    "printedName": "Foundation.Bundle",
                    "usr": "c:objc(cs)NSBundle"
                  }
                ],
                "declKind": "Accessor",
                "usr": "c:@M@bmf_sdk@objc(cs)BmfSdkResources(cm)bundle",
                "mangledName": "$s7bmf_sdk15BmfSdkResourcesC6bundleSo8NSBundleCvgZ",
                "moduleName": "bmf_sdk",
                "static": true,
                "declAttributes": [
                  "ObjC"
                ],
                "accessorKind": "get"
              }
            ]
          },
          {
            "kind": "Constructor",
            "name": "init",
            "printedName": "init()",
            "children": [
              {
                "kind": "TypeNominal",
                "name": "BmfSdkResources",
                "printedName": "bmf_sdk.BmfSdkResources",
                "usr": "c:@M@bmf_sdk@objc(cs)BmfSdkResources"
              }
            ],
            "declKind": "Constructor",
            "usr": "c:@M@bmf_sdk@objc(cs)BmfSdkResources(im)init",
            "mangledName": "$s7bmf_sdk15BmfSdkResourcesCACycfc",
            "moduleName": "bmf_sdk",
            "overriding": true,
            "implicit": true,
            "objc_name": "init",
            "declAttributes": [
              "Dynamic",
              "ObjC",
              "Override"
            ],
            "init_kind": "Designated"
          }
        ],
        "declKind": "Class",
        "usr": "c:@M@bmf_sdk@objc(cs)BmfSdkResources",
        "mangledName": "$s7bmf_sdk15BmfSdkResourcesC",
        "moduleName": "bmf_sdk",
        "declAttributes": [
          "AccessControl",
          "ObjC",
          "RawDocComment"
        ],
        "superclassUsr": "c:objc(cs)NSObject",
        "inheritsConvenienceInitializers": true,
        "superclassNames": [
          "ObjectiveC.NSObject"
        ],
        "conformances": [
          {
            "kind": "Conformance",
            "name": "Copyable",
            "printedName": "Copyable",
            "usr": "s:s8CopyableP",
            "mangledName": "$ss8CopyableP"
          },
          {
            "kind": "Conformance",
            "name": "Escapable",
            "printedName": "Escapable",
            "usr": "s:s9EscapableP",
            "mangledName": "$ss9EscapableP"
          },
          {
            "kind": "Conformance",
            "name": "Equatable",
            "printedName": "Equatable",
            "usr": "s:SQ",
            "mangledName": "$sSQ"
          },
          {
            "kind": "Conformance",
            "name": "Hashable",
            "printedName": "Hashable",
            "usr": "s:SH",
            "mangledName": "$sSH"
          },
          {
            "kind": "Conformance",
            "name": "CVarArg",
            "printedName": "CVarArg",
            "usr": "s:s7CVarArgP",
            "mangledName": "$ss7CVarArgP"
          },
          {
            "kind": "Conformance",
            "name": "_KeyValueCodingAndObservingPublishing",
            "printedName": "_KeyValueCodingAndObservingPublishing",
            "usr": "s:10Foundation37_KeyValueCodingAndObservingPublishingP",
            "mangledName": "$s10Foundation37_KeyValueCodingAndObservingPublishingP"
          },
          {
            "kind": "Conformance",
            "name": "_KeyValueCodingAndObserving",
            "printedName": "_KeyValueCodingAndObserving",
            "usr": "s:10Foundation27_KeyValueCodingAndObservingP",
            "mangledName": "$s10Foundation27_KeyValueCodingAndObservingP"
          },
          {
            "kind": "Conformance",
            "name": "CustomStringConvertible",
            "printedName": "CustomStringConvertible",
            "usr": "s:s23CustomStringConvertibleP",
            "mangledName": "$ss23CustomStringConvertibleP"
          },
          {
            "kind": "Conformance",
            "name": "CustomDebugStringConvertible",
            "printedName": "CustomDebugStringConvertible",
            "usr": "s:s28CustomDebugStringConvertibleP",
            "mangledName": "$ss28CustomDebugStringConvertibleP"
          }
        ]
      },
      {
        "kind": "Import",
        "name": "Foundation",
        "printedName": "Foundation",
        "declKind": "Import",
        "moduleName": "bmf_sdk"
      },
      {
        "kind": "Import",
        "name": "DeveloperToolsSupport",
        "printedName": "DeveloperToolsSupport",
        "declKind": "Import",
        "moduleName": "bmf_sdk"
      },
      {
        "kind": "TypeDecl",
        "name": "UIColor",
        "printedName": "UIColor",
        "children": [
          {
            "kind": "Constructor",
            "name": "init",
            "printedName": "init(asset:)",
            "children": [
              {
                "kind": "TypeNominal",
                "name": "Optional",
                "printedName": "UIKit.UIColor?",
                "children": [
                  {
                    "kind": "TypeNominal",
                    "name": "UIColor",
                    "printedName": "UIKit.UIColor",
                    "usr": "c:objc(cs)UIColor"
                  }
                ],
                "usr": "s:Sq"
              },
              {
                "kind": "TypeNominal",
                "name": "BmfSdkColors",
                "printedName": "bmf_sdk.BmfSdkColors",
                "usr": "s:7bmf_sdk12BmfSdkColorsC"
              }
            ],
            "declKind": "Constructor",
            "usr": "s:So7UIColorC7bmf_sdkE5assetABSgAC12BmfSdkColorsC_tcfc",
            "mangledName": "$sSo7UIColorC7bmf_sdkE5assetABSgAC12BmfSdkColorsC_tcfc",
            "moduleName": "bmf_sdk",
            "intro_Macosx": "10.13",
            "intro_iOS": "11.0",
            "intro_tvOS": "11.0",
            "intro_watchOS": "4.0",
            "declAttributes": [
              "Convenience",
              "Available",
              "Available",
              "Available",
              "Available",
              "Available"
            ],
            "isFromExtension": true,
            "init_kind": "Convenience"
          }
        ],
        "declKind": "Class",
        "usr": "c:objc(cs)UIColor",
        "moduleName": "UIKit",
        "isOpen": true,
        "intro_iOS": "2.0",
        "objc_name": "UIColor",
        "declAttributes": [
          "Available",
          "ObjC",
          "SynthesizedProtocol",
          "NonSendable",
          "Sendable",
          "Dynamic"
        ],
        "superclassUsr": "c:objc(cs)NSObject",
        "isExternal": true,
        "inheritsConvenienceInitializers": true,
        "superclassNames": [
          "ObjectiveC.NSObject"
        ],
        "conformances": [
          {
            "kind": "Conformance",
            "name": "Sendable",
            "printedName": "Sendable",
            "usr": "s:s8SendableP",
            "mangledName": "$ss8SendableP"
          },
          {
            "kind": "Conformance",
            "name": "Copyable",
            "printedName": "Copyable",
            "usr": "s:s8CopyableP",
            "mangledName": "$ss8CopyableP"
          },
          {
            "kind": "Conformance",
            "name": "Escapable",
            "printedName": "Escapable",
            "usr": "s:s9EscapableP",
            "mangledName": "$ss9EscapableP"
          },
          {
            "kind": "Conformance",
            "name": "Equatable",
            "printedName": "Equatable",
            "usr": "s:SQ",
            "mangledName": "$sSQ"
          },
          {
            "kind": "Conformance",
            "name": "Hashable",
            "printedName": "Hashable",
            "usr": "s:SH",
            "mangledName": "$sSH"
          },
          {
            "kind": "Conformance",
            "name": "CVarArg",
            "printedName": "CVarArg",
            "usr": "s:s7CVarArgP",
            "mangledName": "$ss7CVarArgP"
          },
          {
            "kind": "Conformance",
            "name": "_KeyValueCodingAndObservingPublishing",
            "printedName": "_KeyValueCodingAndObservingPublishing",
            "usr": "s:10Foundation37_KeyValueCodingAndObservingPublishingP",
            "mangledName": "$s10Foundation37_KeyValueCodingAndObservingPublishingP"
          },
          {
            "kind": "Conformance",
            "name": "_KeyValueCodingAndObserving",
            "printedName": "_KeyValueCodingAndObserving",
            "usr": "s:10Foundation27_KeyValueCodingAndObservingP",
            "mangledName": "$s10Foundation27_KeyValueCodingAndObservingP"
          },
          {
            "kind": "Conformance",
            "name": "CustomStringConvertible",
            "printedName": "CustomStringConvertible",
            "usr": "s:s23CustomStringConvertibleP",
            "mangledName": "$ss23CustomStringConvertibleP"
          },
          {
            "kind": "Conformance",
            "name": "CustomDebugStringConvertible",
            "printedName": "CustomDebugStringConvertible",
            "usr": "s:s28CustomDebugStringConvertibleP",
            "mangledName": "$ss28CustomDebugStringConvertibleP"
          },
          {
            "kind": "Conformance",
            "name": "_ExpressibleByColorLiteral",
            "printedName": "_ExpressibleByColorLiteral",
            "usr": "s:s26_ExpressibleByColorLiteralP",
            "mangledName": "$ss26_ExpressibleByColorLiteralP"
          }
        ]
      },
      {
        "kind": "TypeDecl",
        "name": "Color",
        "printedName": "Color",
        "children": [
          {
            "kind": "Constructor",
            "name": "init",
            "printedName": "init(asset:)",
            "children": [
              {
                "kind": "TypeNominal",
                "name": "Color",
                "printedName": "SwiftUI.Color",
                "usr": "s:7SwiftUI5ColorV"
              },
              {
                "kind": "TypeNominal",
                "name": "BmfSdkColors",
                "printedName": "bmf_sdk.BmfSdkColors",
                "usr": "s:7bmf_sdk12BmfSdkColorsC"
              }
            ],
            "declKind": "Constructor",
            "usr": "s:7SwiftUI5ColorV7bmf_sdkE5assetAcD12BmfSdkColorsC_tcfc",
            "mangledName": "$s7SwiftUI5ColorV7bmf_sdkE5assetAcD12BmfSdkColorsC_tcfc",
            "moduleName": "bmf_sdk",
            "isFromExtension": true,
            "init_kind": "Designated"
          }
        ],
        "declKind": "Struct",
        "usr": "s:7SwiftUI5ColorV",
        "mangledName": "$s7SwiftUI5ColorV",
        "moduleName": "SwiftUICore",
        "intro_Macosx": "10.15",
        "intro_iOS": "13.0",
        "intro_tvOS": "13.0",
        "intro_watchOS": "6.0",
        "declAttributes": [
          "Frozen",
          "OriginallyDefinedIn",
          "OriginallyDefinedIn",
          "OriginallyDefinedIn",
          "OriginallyDefinedIn",
          "Available",
          "Available",
          "Available",
          "Available"
        ],
        "isExternal": true,
        "conformances": [
          {
            "kind": "Conformance",
            "name": "Hashable",
            "printedName": "Hashable",
            "usr": "s:SH",
            "mangledName": "$sSH"
          },
          {
            "kind": "Conformance",
            "name": "CustomStringConvertible",
            "printedName": "CustomStringConvertible",
            "usr": "s:s23CustomStringConvertibleP",
            "mangledName": "$ss23CustomStringConvertibleP"
          },
          {
            "kind": "Conformance",
            "name": "Sendable",
            "printedName": "Sendable",
            "usr": "s:s8SendableP",
            "mangledName": "$ss8SendableP"
          },
          {
            "kind": "Conformance",
            "name": "Equatable",
            "printedName": "Equatable",
            "usr": "s:SQ",
            "mangledName": "$sSQ"
          },
          {
            "kind": "Conformance",
            "name": "Copyable",
            "printedName": "Copyable",
            "usr": "s:s8CopyableP",
            "mangledName": "$ss8CopyableP"
          },
          {
            "kind": "Conformance",
            "name": "Escapable",
            "printedName": "Escapable",
            "usr": "s:s9EscapableP",
            "mangledName": "$ss9EscapableP"
          },
          {
            "kind": "Conformance",
            "name": "ShapeStyle",
            "printedName": "ShapeStyle",
            "children": [
              {
                "kind": "TypeWitness",
                "name": "Resolved",
                "printedName": "Resolved",
                "children": [
                  {
                    "kind": "TypeNominal",
                    "name": "Resolved",
                    "printedName": "SwiftUI.Color.Resolved",
                    "usr": "s:7SwiftUI5ColorV8ResolvedV"
                  }
                ]
              }
            ],
            "usr": "s:7SwiftUI10ShapeStyleP",
            "mangledName": "$s7SwiftUI10ShapeStyleP"
          },
          {
            "kind": "Conformance",
            "name": "View",
            "printedName": "View",
            "children": [
              {
                "kind": "TypeWitness",
                "name": "Body",
                "printedName": "Body",
                "children": [
                  {
                    "kind": "TypeNominal",
                    "name": "Never",
                    "printedName": "Swift.Never",
                    "usr": "s:s5NeverO"
                  }
                ]
              }
            ],
            "usr": "s:7SwiftUI4ViewP",
            "mangledName": "$s7SwiftUI4ViewP"
          },
          {
            "kind": "Conformance",
            "name": "Transferable",
            "printedName": "Transferable",
            "children": [
              {
                "kind": "TypeWitness",
                "name": "Representation",
                "printedName": "Representation",
                "children": [
                  {
                    "kind": "TypeNominal",
                    "name": "OpaqueTypeArchetype",
                    "printedName": "some CoreTransferable.TransferRepresentation",
                    "children": [
                      {
                        "kind": "TypeNominal",
                        "name": "TransferRepresentation",
                        "printedName": "CoreTransferable.TransferRepresentation",
                        "usr": "s:16CoreTransferable22TransferRepresentationP"
                      }
                    ]
                  }
                ]
              }
            ],
            "usr": "s:16CoreTransferable0B0P",
            "mangledName": "$s16CoreTransferable0B0P"
          }
        ]
      }
    ],
    "json_format_version": 8
  },
  "ConstValues": [
    {
      "filePath": "\/Users\/celine\/Desktop\/dev\/ios\/bmf\/framework\/bemyfriends\/private-bmf-sdk\/Derived\/Sources\/TuistAssets+BmfSdk.swift",
      "kind": "StringLiteral",
      "offset": 479,
      "length": 13,
      "value": "\"AccentColor\""
    }
  ]
}